Activity,Min,Average,Max,SD
C,60,90,120,32.86335345
E,60,60,60,0
B,60,102.8571429,120,29.27700219
D,120,120,120,0
