Activity,Average,SD,Min,Max
Queued,1065167.31143552,4211104.64619534,1,53218543
Accepted,5433100.31243245,12843508.3805711,1,194817850
Completed,4481969.8213146,9751133.94300524,1,84227552
Unmatched,733033.444444445,1693543.1257722,10,5192256
