Activity,Min,Average,Max,SD
C,40,100,105,28.89260474
E,20,60,65,0
B,40,93,105,30.50346765
D,75,120,115,0
