Activity,Min,Average,Max,SD
C,50,90,200,28.89260474
E,50,60,200,0
B,50,93,200,30.50346765
D,50,120,200,0
