Activity,Average,SD,Min,Max
C,60,100,120,28.8926047405846
E,60,60,60,0
B,60,92.3076923076923,120,30.5034676465076
D,120,120,120,0
