Activity,Min,Average,Max
B,60,90.7692307692308,120
C,60,92.8421052631579,120
E,60,60,60
D,120,120,120
