Activity,Min,Average,Max,SD
C,60,100,120,28.89260474
E,40,60,80,0
B,60,93,120,30.50346765
D,100,120,140,0
