Activity,Min,Average,Max,SD
C,90,100,180,38.89260474
E,90,60,120,10
B,90,92.30769231,180,40.50346765
D,150,120,180,10
